Workbook

Sheet 总表
A1: K1 新服大地图重构｜开发 Checklist（精简版） | B1: K1 新服大地图重构｜开发 Checklist（精简版） | C1: K1 新服大地图重构｜开发 Checklist（精简版） | D1: K1 新服大地图重构｜开发 Checklist（精简版） | E1: K1 新服大地图重构｜开发 Checklist（精简版） | F1: K1 新服大地图重构｜开发 Checklist（精简版） | G1: K1 新服大地图重构｜开发 Checklist（精简版） | H1: K1 新服大地图重构｜开发 Checklist（精简版）
A2: 来源：https://alidocs.dingtalk.com/i/nodes/20eMKjyp81R0Ndp0Cej45LkMWxAZB1Gv｜粒度：按模块级可交付成果拆解，不以任务数量为标准 | B2: 来源：https://alidocs.dingtalk.com/i/nodes/20eMKjyp81R0Ndp0Cej45LkMWxAZB1Gv｜粒度：按模块级可交付成果拆解，不以任务数量为标准 | C2: 来源：https://alidocs.dingtalk.com/i/nodes/20eMKjyp81R0Ndp0Cej45LkMWxAZB1Gv｜粒度：按模块级可交付成果拆解，不以任务数量为标准 | D2: 来源：https://alidocs.dingtalk.com/i/nodes/20eMKjyp81R0Ndp0Cej45LkMWxAZB1Gv｜粒度：按模块级可交付成果拆解，不以任务数量为标准 | E2: 来源：https://alidocs.dingtalk.com/i/nodes/20eMKjyp81R0Ndp0Cej45LkMWxAZB1Gv｜粒度：按模块级可交付成果拆解，不以任务数量为标准 | F2: 来源：https://alidocs.dingtalk.com/i/nodes/20eMKjyp81R0Ndp0Cej45LkMWxAZB1Gv｜粒度：按模块级可交付成果拆解，不以任务数量为标准 | G2: 来源：https://alidocs.dingtalk.com/i/nodes/20eMKjyp81R0Ndp0Cej45LkMWxAZB1Gv｜粒度：按模块级可交付成果拆解，不以任务数量为标准 | H2: 来源：https://alidocs.dingtalk.com/i/nodes/20eMKjyp81R0Ndp0Cej45LkMWxAZB1Gv｜粒度：按模块级可交付成果拆解，不以任务数量为标准
A4: 任务ID | B4: 模块 | C4: 任务描述 | D4: 职能 | E4: 优先级 | F4: 备注 | G4: 状态 | H4: 负责人
A5: CHK-001 | B5: 配置与公共依赖 | C5: 完成新服大地图配置方案与首版投放数据 | D5: 数值策划 | E5: P0 | F5: 覆盖：地图基础、堡垒、龙巢、圣坛、迷雾、出生分配、占领规则、联盟科技配置；依赖：主案与配置表结构派生文档；验收：配置项能够完整表达主案规则且未填写主案未定义的最终数值；复用：沿用既有对象与战斗规则引用。 | G5: 未开始
A6: CHK-002 | B6: 配置与公共依赖 | C6: 接入新服地图模板及客户端配置读取与合法性校验 | D6: 客户端 | E6: P0 | F6: 覆盖：新旧地图模板选择、地图对象关系、四邻拓扑、迷雾层级和占领参数读取；依赖：CHK-001；验收：新服读取新模板，旧服与KVK继续读取原模板，缺省或非法配置能够拦截或降级。 | G6: 未开始
A7: CHK-003 | B7: 配置与公共依赖 | C7: 接入服务器配置加载、启动校验与模板隔离 | D7: 服务器 | E7: P0 | F7: 覆盖：配置加载、外键关系、坐标与四邻关系、迷雾层级、上限和时间参数校验；依赖：CHK-001；验收：错误配置阻止错误模板启用，新旧服务器模板互不污染。 | G7: 未开始
A8: CHK-004 | B8: 地图结构与出生分配 | C8: 配置7200×7200方格地图、四出生区及战略点位 | D8: 数值策划 | E8: P0 | F8: 覆盖：24×24基础格、可用堡垒格、阻挡区、出生区、中心圈与王座区、战略对象坐标；依赖：美术地图尺寸和服务端坐标约束；验收：点位无越界或重叠冲突，四出生区可独立投放。 | G8: 未开始
A9: CHK-005 | B9: 地图结构与出生分配 | C9: 设计方格战略地图、缩略地图与联盟染色交互 | D9: UI | E9: P1 | F9: 覆盖：KVK领土界面复用、缩略地图HUD入口、最高LOD自动呼出、联盟颜色区分和战略点信息层级；依赖：地图点位与客户端交互范围；验收：常规地图与缩略地图的入口、缩放和信息层级可交付开发。 | G9: 未开始
A10: CHK-006 | B10: 地图结构与出生分配 | C10: 完成新服地图区域、阻挡和缩略地图资源复用清单及缺口资源 | D10: 原画&3D | E10: P1 | F10: 覆盖：四出生区、中间圈、核心圈、中心王座区、特殊阻挡和缩略地图表现；依赖：CHK-004与既有KVK资源；验收：明确可复用资源和必须新增资源，全部缺口资源可被客户端接入。 | G10: 未开始
A11: CHK-007 | B11: 地图结构与出生分配 | C11: 实现方格地图展示、四邻关系表现、联盟染色与缩略地图入口 | D11: 客户端 | E11: P0 | F11: 覆盖：7200地图、方格边界、上下左右相邻、联盟染色、LOD触发和HUD入口；依赖：CHK-002、CHK-005、CHK-006；验收：地图缩放与缩略地图切换正常，对角格不显示为有效相邻领地。 | G11: 未开始
A12: CHK-008 | B12: 地图结构与出生分配 | C12: 实现四出生区分配、地图拓扑与落点服务 | D12: 服务器 | E12: P0 | F12: 覆盖：首次进入分配、出生区容量、四邻拓扑、跨出生区加盟迁城和迷雾区域限制；依赖：CHK-003、CHK-004；验收：玩家落点合法且负载可控，出生区不形成阵营限制。 | G12: 未开始
A13: CHK-009 | B13: 堡垒占领与联盟领地 | C13: 配置堡垒占领、免战、放弃、上限及管理者限制参数 | D13: 数值策划 | E13: P0 | F13: 覆盖：占领时间、免战时间、放弃耗时、堡垒上限、剩余数量阈值和KVK期间倍率；依赖：联盟科技等级方案；验收：所有规则均可配置，允许放弃时间配置为0。 | G13: 未开始
A14: CHK-010 | B14: 堡垒占领与联盟领地 | C14: 设计堡垒可攻、免战、上限、管理者限制与放弃反馈 | D14: UI | E14: P1 | F14: 覆盖：可攻标识、免战状态、剩余数量不足提示、管理者权限提示、放弃进度及二次确认；依赖：堡垒状态机和文案配置；验收：所有可操作、禁用和异常状态均有明确反馈。 | G14: 未开始
A15: CHK-011 | B15: 堡垒占领与联盟领地 | C15: 实现堡垒攻击、占领、免战、放弃与联盟领地客户端流程 | D15: 客户端 | E15: P0 | F15: 覆盖：首战锚点、相邻可攻、本地资格校验、战斗状态、免战、飞地、放弃和上限提示；依赖：CHK-007、CHK-009、CHK-010及服务器接口；验收：状态展示与服务器结算一致，非法操作有准确提示。 | G15: 未开始
A16: CHK-012 | B16: 堡垒占领与联盟领地 | C16: 实现堡垒资格、并发战斗、归属、免战、放弃与上限结算 | D16: 服务器 | E16: P0 | F16: 覆盖：永久中立初始堡垒、四邻攻击资格、多联盟并发、起点失去后的结算、飞地、免战遣返、放弃、科技上限和管理者限制；依赖：CHK-003、CHK-009；验收：边界情况表中的堡垒场景均能稳定结算且结果幂等。 | G16: 未开始
... A41: CHK-039 | B41: 数据兼容与版本隔离 | C41: 实现服务器模板隔离、数据默认、幂等、热更重算与转服兼容 | D41: 服务器 | E41: P0 | F41: 覆盖：新旧服模板隔离、共享实体新增字段默认值、重复请求、热更重算、进行中状态、转服复用现有流程和跨场景数据；依赖：全部服务器主流程任务；验收：线上真实数据回归通过，旧服/KVK不受影响，转入后按目标服模板运行。 | G41: 未开始

Sheet 统计总览
A1: 统计总览 | B1: 统计总览 | C1: 统计总览 | D1: 统计总览 | E1: 统计总览
A3: 全部任务 | B3: =COUNTA(总表!$A$5:$A$41) -> 37
A4: P0 | B4: =COUNTIF(总表!$E$5:$E$41,"P0") -> 28
A5: P1 | B5: =COUNTIF(总表!$E$5:$E$41,"P1") -> 9
A6: P2 | B6: =COUNTIF(总表!$E$5:$E$41,"P2") -> 0
A8: 职能 | B8: 全部 | C8: P0 | D8: P1 | E8: P2
A9: 数值策划 | B9: =COUNTIF(总表!$D$5:$D$41,A9) -> 9 | C9: =COUNTIFS(总表!$D$5:$D$41,$A9,总表!$E$5:$E$41,C$8) -> 9 | D9: =COUNTIFS(总表!$D$5:$D$41,$A9,总表!$E$5:$E$41,D$8) -> 0 | E9: =COUNTIFS(总表!$D$5:$D$41,$A9,总表!$E$5:$E$41,E$8) -> 0
A10: UI | B10: =COUNTIF(总表!$D$5:$D$41,A10) -> 5 | C10: =COUNTIFS(总表!$D$5:$D$41,$A10,总表!$E$5:$E$41,C$8) -> 0 | D10: =COUNTIFS(总表!$D$5:$D$41,$A10,总表!$E$5:$E$41,D$8) -> 5 | E10: =COUNTIFS(总表!$D$5:$D$41,$A10,总表!$E$5:$E$41,E$8) -> 0
A11: 原画&3D | B11: =COUNTIF(总表!$D$5:$D$41,A11) -> 5 | C11: =COUNTIFS(总表!$D$5:$D$41,$A11,总表!$E$5:$E$41,C$8) -> 1 | D11: =COUNTIFS(总表!$D$5:$D$41,$A11,总表!$E$5:$E$41,D$8) -> 4 | E11: =COUNTIFS(总表!$D$5:$D$41,$A11,总表!$E$5:$E$41,E$8) -> 0
A12: 客户端 | B12: =COUNTIF(总表!$D$5:$D$41,A12) -> 9 | C12: =COUNTIFS(总表!$D$5:$D$41,$A12,总表!$E$5:$E$41,C$8) -> 9 | D12: =COUNTIFS(总表!$D$5:$D$41,$A12,总表!$E$5:$E$41,D$8) -> 0 | E12: =COUNTIFS(总表!$D$5:$D$41,$A12,总表!$E$5:$E$41,E$8) -> 0
A13: 服务器 | B13: =COUNTIF(总表!$D$5:$D$41,A13) -> 9 | C13: =COUNTIFS(总表!$D$5:$D$41,$A13,总表!$E$5:$E$41,C$8) -> 9 | D13: =COUNTIFS(总表!$D$5:$D$41,$A13,总表!$E$5:$E$41,D$8) -> 0 | E13: =COUNTIFS(总表!$D$5:$D$41,$A13,总表!$E$5:$E$41,E$8) -> 0
A15: 使用说明：总表中的“状态”和“负责人”可编辑；统计总览与各职能分表的任务分布由公式或生成数据保持一致。精简版用于早期排期，不替代详细技术任务和测试用例拆解。 | B15: 使用说明：总表中的“状态”和“负责人”可编辑；统计总览与各职能分表的任务分布由公式或生成数据保持一致。精简版用于早期排期，不替代详细技术任务和测试用例拆解。 | C15: 使用说明：总表中的“状态”和“负责人”可编辑；统计总览与各职能分表的任务分布由公式或生成数据保持一致。精简版用于早期排期，不替代详细技术任务和测试用例拆解。 | D15: 使用说明：总表中的“状态”和“负责人”可编辑；统计总览与各职能分表的任务分布由公式或生成数据保持一致。精简版用于早期排期，不替代详细技术任务和测试用例拆解。 | E15: 使用说明：总表中的“状态”和“负责人”可编辑；统计总览与各职能分表的任务分布由公式或生成数据保持一致。精简版用于早期排期，不替代详细技术任务和测试用例拆解。
A16: 使用说明：总表中的“状态”和“负责人”可编辑；统计总览与各职能分表的任务分布由公式或生成数据保持一致。精简版用于早期排期，不替代详细技术任务和测试用例拆解。 | B16: 使用说明：总表中的“状态”和“负责人”可编辑；统计总览与各职能分表的任务分布由公式或生成数据保持一致。精简版用于早期排期，不替代详细技术任务和测试用例拆解。 | C16: 使用说明：总表中的“状态”和“负责人”可编辑；统计总览与各职能分表的任务分布由公式或生成数据保持一致。精简版用于早期排期，不替代详细技术任务和测试用例拆解。 | D16: 使用说明：总表中的“状态”和“负责人”可编辑；统计总览与各职能分表的任务分布由公式或生成数据保持一致。精简版用于早期排期，不替代详细技术任务和测试用例拆解。 | E16: 使用说明：总表中的“状态”和“负责人”可编辑；统计总览与各职能分表的任务分布由公式或生成数据保持一致。精简版用于早期排期，不替代详细技术任务和测试用例拆解。

Sheet 数值策划
A1: 数值策划｜开发任务 | B1: 数值策划｜开发任务 | C1: 数值策划｜开发任务 | D1: 数值策划｜开发任务 | E1: 数值策划｜开发任务 | F1: 数值策划｜开发任务 | G1: 数值策划｜开发任务
A2: 精简版模块级交付物｜共 9 项｜来源：https://alidocs.dingtalk.com/i/nodes/20eMKjyp81R0Ndp0Cej45LkMWxAZB1Gv | B2: 精简版模块级交付物｜共 9 项｜来源：https://alidocs.dingtalk.com/i/nodes/20eMKjyp81R0Ndp0Cej45LkMWxAZB1Gv | C2: 精简版模块级交付物｜共 9 项｜来源：https://alidocs.dingtalk.com/i/nodes/20eMKjyp81R0Ndp0Cej45LkMWxAZB1Gv | D2: 精简版模块级交付物｜共 9 项｜来源：https://alidocs.dingtalk.com/i/nodes/20eMKjyp81R0Ndp0Cej45LkMWxAZB1Gv | E2: 精简版模块级交付物｜共 9 项｜来源：https://alidocs.dingtalk.com/i/nodes/20eMKjyp81R0Ndp0Cej45LkMWxAZB1Gv | F2: 精简版模块级交付物｜共 9 项｜来源：https://alidocs.dingtalk.com/i/nodes/20eMKjyp81R0Ndp0Cej45LkMWxAZB1Gv | G2: 精简版模块级交付物｜共 9 项｜来源：https://alidocs.dingtalk.com/i/nodes/20eMKjyp81R0Ndp0Cej45LkMWxAZB1Gv
A4: 任务ID | B4: 模块 | C4: 任务描述 | D4: 优先级 | E4: 备注 | F4: 状态 | G4: 负责人
A5: CHK-001 | B5: 配置与公共依赖 | C5: 完成新服大地图配置方案与首版投放数据 | D5: P0 | E5: 覆盖：地图基础、堡垒、龙巢、圣坛、迷雾、出生分配、占领规则、联盟科技配置；依赖：主案与配置表结构派生文档；验收：配置项能够完整表达主案规则且未填写主案未定义的最终数值；复用：沿用既有对象与战斗规则引用。 | F5: 未开始
A6: CHK-004 | B6: 地图结构与出生分配 | C6: 配置7200×7200方格地图、四出生区及战略点位 | D6: P0 | E6: 覆盖：24×24基础格、可用堡垒格、阻挡区、出生区、中心圈与王座区、战略对象坐标；依赖：美术地图尺寸和服务端坐标约束；验收：点位无越界或重叠冲突，四出生区可独立投放。 | F6: 未开始
A7: CHK-009 | B7: 堡垒占领与联盟领地 | C7: 配置堡垒占领、免战、放弃、上限及管理者限制参数 | D7: P0 | E7: 覆盖：占领时间、免战时间、放弃耗时、堡垒上限、剩余数量阈值和KVK期间倍率；依赖：联盟科技等级方案；验收：所有规则均可配置，允许放弃时间配置为0。 | F7: 未开始
A8: CHK-013 | B8: 地图对象 | C8: 配置龙巢、圣坛、王座及PVE地图对象投放 | D8: P0 | E8: 覆盖：龙巢点位和相邻堡垒、圣坛所属堡垒、王座位置、普通野怪1-50首杀、泰坦分级首杀、黑暗祭祀与恶魔守卫停刷；依赖：CHK-004；验收：对象投放与迷雾层级和堡垒关系一致。 | F8: 未开始
A9: CHK-018 | B9: 迷雾与地图表现 | C9: 配置服务器共享迷雾层级与开放节奏 | D9: P0 | E9: 覆盖：出生区D0、中间圈D8、核心圈D15、王座D21及四出生区独立开关；依赖：堡垒和王座层级数据；验收：每个堡垒和王座均归属唯一迷雾层级，首版仅时间驱动。 | F9: 未开始
A10: CHK-023 | B10: 联盟系统适配 | C10: 配置联盟堡垒/龙巢上限科技与联盟商店新投放 | D10: P0 | E10: 覆盖：堡垒和龙巢数量上限科技分支、各等级上限、橙色英雄等高价值商店内容；依赖：联盟科技和商店既有配置结构；验收：科技效果可被服务器读取，商店投放不影响旧服模板。 | F10: 未开始
A11: CHK-028 | B11: KVK往返与兼容 | C11: 配置KVK期间原服占领耗时倍率与模板适用范围 | D11: P0 | E11: 覆盖：普通堡垒和龙巢占领耗时固定倍率、新服模板范围；依赖：既有KVK时间参数；验收：倍率可独立调整，报名、进入、联盟冻结和回归规则不被改写。 | F11: 未开始
A12: CHK-031 | B12: 任务活动排行与引导替换 | C12: 完成旧地图目标盘点、替换映射及文案配置 | D12: P0 | E12: 覆盖：主线、联盟任务、成就、最强领主、联盟排行、王座战、PVE、引导、红点与多语言；依赖：主案计数替换表；验收：新服不再投放方尖碑、旧堡垒建造和连接龙巢目标，取消项不被替换成无效任务。 | F12: 未开始
A13: CHK-036 | B13: 数据兼容与版本隔离 | C13: 制定新服模板投放、最低版本、热更重算与回滚配置方案 | D13: P0 | E13: 覆盖：仅新开服务器启用、最低客户端版本、地图对象/任务/活动/排行热更、已完成奖励不回收；依赖：发行与研发版本策略；验收：投放条件和回滚边界清晰，旧服不会误启用新模板。 | F13: 未开始
A15: 任务统计 | B15: 全部 | C15: P0 | D15: P1 | E15: P2
A16: 数值策划 | B16: =COUNTA(A5:A13) -> 9 | C16: =COUNTIF(D5:D13,"P0") -> 9 | D16: =COUNTIF(D5:D13,"P1") -> 0 | E16: =COUNTIF(D5:D13,"P2") -> 0

Sheet UI
A1: UI｜开发任务 | B1: UI｜开发任务 | C1: UI｜开发任务 | D1: UI｜开发任务 | E1: UI｜开发任务 | F1: UI｜开发任务 | G1: UI｜开发任务
A2: 精简版模块级交付物｜共 7 项｜来源：https://alidocs.dingtalk.com/i/nodes/20eMKjyp81R0Ndp0Cej45LkMWxAZB1Gv | B2: 精简版模块级交付物｜共 7 项｜来源：https://alidocs.dingtalk.com/i/nodes/20eMKjyp81R0Ndp0Cej45LkMWxAZB1Gv | C2: 精简版模块级交付物｜共 7 项｜来源：https://alidocs.dingtalk.com/i/nodes/20eMKjyp81R0Ndp0Cej45LkMWxAZB1Gv | D2: 精简版模块级交付物｜共 7 项｜来源：https://alidocs.dingtalk.com/i/nodes/20eMKjyp81R0Ndp0Cej45LkMWxAZB1Gv | E2: 精简版模块级交付物｜共 7 项｜来源：https://alidocs.dingtalk.com/i/nodes/20eMKjyp81R0Ndp0Cej45LkMWxAZB1Gv | F2: 精简版模块级交付物｜共 7 项｜来源：https://alidocs.dingtalk.com/i/nodes/20eMKjyp81R0Ndp0Cej45LkMWxAZB1Gv | G2: 精简版模块级交付物｜共 7 项｜来源：https://alidocs.dingtalk.com/i/nodes/20eMKjyp81R0Ndp0Cej45LkMWxAZB1Gv
A4: 任务ID | B4: 模块 | C4: 任务描述 | D4: 优先级 | E4: 备注 | F4: 状态 | G4: 负责人
A5: CHK-005 | B5: 地图结构 | C5: 设计方格战略地图、缩略地图与联盟染色交互 | D5: P1 | E5: 覆盖：KVK领土界面复用、缩略地图HUD入口、最高LOD自动呼出、联盟颜色区分和战略点信息层级；依赖：地图点位与客户端交互范围；验收：常规地图与缩略地图的入口、缩放和信息层级可交付开发。 | F5: 未开始
A6: CHK-010 | B6: 堡垒占领与联盟领地 | C6: 设计堡垒可攻、免战、上限、管理者限制与放弃反馈 | D6: P1 | E6: 覆盖：可攻标识、免战状态、剩余数量不足提示、管理者权限提示、放弃进度及二次确认；依赖：堡垒状态机和文案配置；验收：所有可操作、禁用和异常状态均有明确反馈。 | F6: 未开始
A7: CHK-014 | B7: 地图对象 | C7: 设计龙巢失效、圣坛归属与战略对象状态展示 | D7: P1 | E7: 覆盖：龙巢无归属、生效、失效、可攻击不可防守，圣坛随堡垒归属及王座状态；依赖：既有对象界面；验收：新增状态不与既有龙巢和圣坛信息冲突。 | F7: 未开始
A8: CHK-019 | B8: 迷雾与地图表现 | C8: 设计迷雾覆盖、隐藏信息、解锁刷新与提示表现 | D8: P1 | E8: 覆盖：保留对象美术形象、隐藏铭牌和战斗信息、屏蔽点击、开放后的恢复及可选系统提示/红点；依赖：迷雾视觉资源和客户端状态；验收：开放前后信息层级清楚且不会误导可操作性。 | F8: 未开始
A9: CHK-024 | B9: 联盟系统适配 | C9: 设计联盟领地列表、科技 | D9: P1 | E9: 覆盖：堡垒列表、科技节点、方尖碑/中心堡垒/远征堡垒移除；依赖：既有联盟界面；验收：新服无旧建筑空入口和空跳转，旧服界面保持不变。 | F9: 未开始
A11: 任务统计 | B11: 全部 | C11: P0 | D11: P1 | E11: P2
A12: UI | B12: =COUNTA(A5:A9) -> 5 | C12: =COUNTIF(D5:D9,"P0") -> 0 | D12: =COUNTIF(D5:D9,"P1") -> 5 | E12: =COUNTIF(D5:D9,"P2") -> 0

Sheet 原画&3D
A1: 原画&3D｜开发任务 | B1: 原画&3D｜开发任务 | C1: 原画&3D｜开发任务 | D1: 原画&3D｜开发任务 | E1: 原画&3D｜开发任务 | F1: 原画&3D｜开发任务 | G1: 原画&3D｜开发任务
A2: 精简版模块级交付物｜共 5 项｜来源：https://alidocs.dingtalk.com/i/nodes/20eMKjyp81R0Ndp0Cej45LkMWxAZB1Gv | B2: 精简版模块级交付物｜共 5 项｜来源：https://alidocs.dingtalk.com/i/nodes/20eMKjyp81R0Ndp0Cej45LkMWxAZB1Gv | C2: 精简版模块级交付物｜共 5 项｜来源：https://alidocs.dingtalk.com/i/nodes/20eMKjyp81R0Ndp0Cej45LkMWxAZB1Gv | D2: 精简版模块级交付物｜共 5 项｜来源：https://alidocs.dingtalk.com/i/nodes/20eMKjyp81R0Ndp0Cej45LkMWxAZB1Gv | E2: 精简版模块级交付物｜共 5 项｜来源：https://alidocs.dingtalk.com/i/nodes/20eMKjyp81R0Ndp0Cej45LkMWxAZB1Gv | F2: 精简版模块级交付物｜共 5 项｜来源：https://alidocs.dingtalk.com/i/nodes/20eMKjyp81R0Ndp0Cej45LkMWxAZB1Gv | G2: 精简版模块级交付物｜共 5 项｜来源：https://alidocs.dingtalk.com/i/nodes/20eMKjyp81R0Ndp0Cej45LkMWxAZB1Gv
A4: 任务ID | B4: 模块 | C4: 任务描述 | D4: 优先级 | E4: 备注 | F4: 状态 | G4: 负责人
A5: CHK-006 | B5: 地图结构与出生分配 | C5: 完成新服地图区域、阻挡和缩略地图资源复用清单及缺口资源 | D5: P1 | E5: 覆盖：四出生区、中间圈、核心圈、中心王座区、特殊阻挡和缩略地图表现；依赖：CHK-004与既有KVK资源；验收：明确可复用资源和必须新增资源，全部缺口资源可被客户端接入。 | F5: 未开始
A6: CHK-015 | B6: 地图对象 | C6: 完成战略对象资源复用清单与龙巢失效表现资源 | D6: P1 | E6: 覆盖：堡垒、龙巢、圣坛、王座和PVE对象现有模型复用，补充龙巢失效及必要状态特效；依赖：CHK-014；验收：不新增对象类型，状态差异可被玩家识别。 | F6: 未开始
A7: CHK-020 | B7: 迷雾与地图表现 | C7: 制作或适配方格级迷雾覆盖与开放过渡资源 | D7: P0 | E7: 覆盖：堡垒方格和王座区域迷雾、战略对象轮廓可见、开放过渡效果；依赖：CHK-004、CHK-019和既有地图材质；验收：迷雾能够覆盖各层级且不遮蔽战略对象的基础美术形象。 | F7: 未开始
A8: CHK-025 | B8: 联盟系统适配 | C8: 完成联盟科技节点和商店投放所需图标资源 | D8: P1 | E8: 覆盖：堡垒上限、龙巢上限科技图标及新增商店物品缺口；依赖：CHK-023、CHK-024；验收：优先复用现有资源，仅交付确认缺失的图标和状态图。 | F8: 未开始
A10: 任务统计 | B10: 全部 | C10: P0 | D10: P1 | E10: P2
A11: 原画&3D | B11: =COUNTA(A5:A8) -> 4 | C11: =COUNTIF(D5:D8,"P0") -> 1 | D11: =COUNTIF(D5:D8,"P1") -> 3 | E11: =COUNTIF(D5:D8,"P2") -> 0

Sheet 客户端
A1: 客户端｜开发任务 | B1: 客户端｜开发任务 | C1: 客户端｜开发任务 | D1: 客户端｜开发任务 | E1: 客户端｜开发任务 | F1: 客户端｜开发任务 | G1: 客户端｜开发任务
A2: 精简版模块级交付物｜共 9 项｜来源：https://alidocs.dingtalk.com/i/nodes/20eMKjyp81R0Ndp0Cej45LkMWxAZB1Gv | B2: 精简版模块级交付物｜共 9 项｜来源：https://alidocs.dingtalk.com/i/nodes/20eMKjyp81R0Ndp0Cej45LkMWxAZB1Gv | C2: 精简版模块级交付物｜共 9 项｜来源：https://alidocs.dingtalk.com/i/nodes/20eMKjyp81R0Ndp0Cej45LkMWxAZB1Gv | D2: 精简版模块级交付物｜共 9 项｜来源：https://alidocs.dingtalk.com/i/nodes/20eMKjyp81R0Ndp0Cej45LkMWxAZB1Gv | E2: 精简版模块级交付物｜共 9 项｜来源：https://alidocs.dingtalk.com/i/nodes/20eMKjyp81R0Ndp0Cej45LkMWxAZB1Gv | F2: 精简版模块级交付物｜共 9 项｜来源：https://alidocs.dingtalk.com/i/nodes/20eMKjyp81R0Ndp0Cej45LkMWxAZB1Gv | G2: 精简版模块级交付物｜共 9 项｜来源：https://alidocs.dingtalk.com/i/nodes/20eMKjyp81R0Ndp0Cej45LkMWxAZB1Gv
A4: 任务ID | B4: 模块 | C4: 任务描述 | D4: 优先级 | E4: 备注 | F4: 状态 | G4: 负责人
A5: CHK-002 | B5: 配置与公共依赖 | C5: 接入新服地图模板及客户端配置读取与合法性校验 | D5: P0 | E5: 覆盖：新旧地图模板选择、地图对象关系、四邻拓扑、迷雾层级和占领参数读取；依赖：CHK-001；验收：新服读取新模板，旧服与KVK继续读取原模板，缺省或非法配置能够拦截或降级。 | F5: 未开始
A6: CHK-007 | B6: 地图结构与出生分配 | C6: 实现方格地图展示、四邻关系表现、联盟染色与缩略地图入口 | D6: P0 | E6: 覆盖：7200地图、方格边界、上下左右相邻、联盟染色、LOD触发和HUD入口；依赖：CHK-002、CHK-005、CHK-006；验收：地图缩放与缩略地图切换正常，对角格不显示为有效相邻领地。 | F6: 未开始
A7: CHK-011 | B7: 堡垒占领与联盟领地 | C7: 实现堡垒攻击、占领、免战、放弃与联盟领地客户端流程 | D7: P0 | E7: 覆盖：首战锚点、相邻可攻、本地资格校验、战斗状态、免战、飞地、放弃和上限提示；依赖：CHK-007、CHK-009、CHK-010及服务器接口；验收：状态展示与服务器结算一致，非法操作有准确提示。 | F7: 未开始
A8: CHK-016 | B8: 地图对象 | C8: 实现龙巢、圣坛、王座及PVE对象展示与交互适配 | D8: P0 | E8: 覆盖：交叉点龙巢、嵌入堡垒圣坛、龙巢失效/恢复、对象归属刷新、PVE逐级挑战和停刷对象隐藏；依赖：CHK-013至CHK-015及服务器状态；验收：对象位置、状态、交互资格和提示与主案一致。 | F8: 未开始
A9: CHK-021 | B9: 迷雾与地图表现 | C9: 实现迷雾渲染、数据层隐藏、交互屏蔽与在线解锁刷新 | D9: P0 | E9: 覆盖：方格与王座迷雾、铭牌/LOD/归属/类型/战斗状态隐藏、点击和通行前置、本地刷新；依赖：CHK-018至CHK-020及服务器开放状态；验收：在线跨开放时刻无需重登即可恢复展示和交互。 | F9: 未开始
A10: CHK-026 | B10: 联盟系统适配 | C10: 实现联盟领地、列表、迁城、科技、商店与旧入口客户端适配 | D10: P0 | E10: 覆盖：普通堡垒领地判定、堡垒/龙巢列表、领土保护展示、领地内迁城、上限科技、商店、旧入口及红点关闭；依赖：CHK-011、CHK-016、CHK-023至CHK-025；验收：新服流程闭环且旧服主干能力不受影响。 | F10: 未开始
A11: CHK-029 | B11: KVK往返与兼容 | C11: 适配原服与KVK场景往返及原服状态展示 | D11: P0 | E11: 覆盖：进入KVK、返回原服、堡垒/龙巢/圣坛/王座归属回显、迷雾进度刷新；依赖：既有KVK场景切换与服务器状态；验收：往返不触发错误重置，返回后展示服务器最新原服状态。 | F11: 未开始
A12: CHK-034 | B12: 任务活动排行与引导替换 | C12: 实现任务、活动、排行、引导、红点与多语言客户端替换 | D12: P0 | E12: 覆盖：新计数展示、规则说明、跳转目标、引导步骤、可攻/迷雾/王座红点及旧红点关闭；依赖：CHK-031至CHK-033和服务器事件；验收：新服无旧概念残留或空跳转，多语言占位符数量和顺序正确。 | F12: 未开始
A13: CHK-038 | B13: 数据兼容与版本隔离 | C13: 实现客户端版本拦截、默认值兼容与模板隔离 | D13: P0 | E13: 覆盖：最低版本检查、未知字段/通知容错、新旧地图模板隔离、热更刷新和跨场景回归；依赖：CHK-002、CHK-036、CHK-037；验收：低版本不能进入新地图，旧服与KVK功能无回归，新字段缺省不崩溃。 | F13: 未开始
A15: 任务统计 | B15: 全部 | C15: P0 | D15: P1 | E15: P2
A16: 客户端 | B16: =COUNTA(A5:A13) -> 9 | C16: =COUNTIF(D5:D13,"P0") -> 9 | D16: =COUNTIF(D5:D13,"P1") -> 0 | E16: =COUNTIF(D5:D13,"P2") -> 0

Sheet 服务器
A1: 服务器｜开发任务 | B1: 服务器｜开发任务 | C1: 服务器｜开发任务 | D1: 服务器｜开发任务 | E1: 服务器｜开发任务 | F1: 服务器｜开发任务 | G1: 服务器｜开发任务
A2: 精简版模块级交付物｜共 9 项｜来源：https://alidocs.dingtalk.com/i/nodes/20eMKjyp81R0Ndp0Cej45LkMWxAZB1Gv | B2: 精简版模块级交付物｜共 9 项｜来源：https://alidocs.dingtalk.com/i/nodes/20eMKjyp81R0Ndp0Cej45LkMWxAZB1Gv | C2: 精简版模块级交付物｜共 9 项｜来源：https://alidocs.dingtalk.com/i/nodes/20eMKjyp81R0Ndp0Cej45LkMWxAZB1Gv | D2: 精简版模块级交付物｜共 9 项｜来源：https://alidocs.dingtalk.com/i/nodes/20eMKjyp81R0Ndp0Cej45LkMWxAZB1Gv | E2: 精简版模块级交付物｜共 9 项｜来源：https://alidocs.dingtalk.com/i/nodes/20eMKjyp81R0Ndp0Cej45LkMWxAZB1Gv | F2: 精简版模块级交付物｜共 9 项｜来源：https://alidocs.dingtalk.com/i/nodes/20eMKjyp81R0Ndp0Cej45LkMWxAZB1Gv | G2: 精简版模块级交付物｜共 9 项｜来源：https://alidocs.dingtalk.com/i/nodes/20eMKjyp81R0Ndp0Cej45LkMWxAZB1Gv
A4: 任务ID | B4: 模块 | C4: 任务描述 | D4: 优先级 | E4: 备注 | F4: 状态 | G4: 负责人
A5: CHK-003 | B5: 配置与公共依赖 | C5: 接入服务器配置加载、启动校验与模板隔离 | D5: P0 | E5: 覆盖：配置加载、外键关系、坐标与四邻关系、迷雾层级、上限和时间参数校验；依赖：CHK-001；验收：错误配置阻止错误模板启用，新旧服务器模板互不污染。 | F5: 未开始
A6: CHK-008 | B6: 地图结构与出生分配 | C6: 实现四出生区分配、地图拓扑与落点服务 | D6: P0 | E6: 覆盖：首次进入分配、出生区容量、四邻拓扑、跨出生区加盟迁城和迷雾区域限制；依赖：CHK-003、CHK-004；验收：玩家落点合法且负载可控，出生区不形成阵营限制。 | F6: 未开始
A7: CHK-012 | B7: 堡垒占领与联盟领地 | C7: 实现堡垒资格、并发战斗、归属、免战、放弃与上限结算 | D7: P0 | E7: 覆盖：永久中立初始堡垒、四邻攻击资格、多联盟并发、起点失去后的结算、飞地、免战遣返、放弃、科技上限和管理者限制；依赖：CHK-003、CHK-009；验收：边界情况表中的堡垒场景均能稳定结算且结果幂等。 | F7: 未开始
A8: CHK-017 | B8: 地图对象 | C8: 实现龙巢、圣坛及PVE对象归属、资格和结算 | D8: P0 | E8: 覆盖：龙巢相邻堡垒攻击资格、失效/恢复、失效不可防守、龙巢上限、圣坛随堡垒转移、联盟解散中立化及PVE首杀；依赖：CHK-012、CHK-013；验收：对象状态流转和归属变更可重复执行且无重复奖励。 | F8: 未开始
A9: CHK-022 | B9: 迷雾与地图表现 | C9: 实现全服迷雾进度、对象信息过滤与移动落点校验 | D9: P0 | E9: 覆盖：开服时间累计、分层开放、对象数据层过滤、部队与城堡进入限制、开放事件广播；依赖：CHK-003、CHK-018；验收：全服状态一致，未开放区域无法通过绕过客户端进入。 | F9: 未开始
A10: CHK-027 | B10: 联盟系统适配 | C10: 实现联盟领土保护、迁城、解散、科技上限与商店服务器适配 | D10: P0 | E10: 覆盖：普通堡垒范围领土保护、迁城落点、解散中立化、堡垒/龙巢上限、商店投放和旧建筑逻辑隔离；依赖：CHK-012、CHK-017、CHK-023；验收：联盟主干能力保持不变，新服不再依赖方尖碑和旧堡垒建造链路。 | F10: 未开始
A11: CHK-030 | B11: KVK往返与兼容 | C11: 保证KVK期间原服地图持续运行及往返数据一致 | D11: P0 | E11: 覆盖：原服归属保留、争夺持续、迷雾继续开放、占领耗时倍率、联盟冻结保持现状、KVK结束不重置；依赖：CHK-012、CHK-017、CHK-022、CHK-028；验收：进入和回归两个方向数据一致，无重复结算或归属回滚。 | F11: 未开始
A12: CHK-035 | B12: 任务活动排行与引导替换 | C12: 实现新地图任务事件、成就计数、活动统计与排行口径 | D12: P0 | E12: 覆盖：堡垒、龙巢、圣坛、王座、领地方格和战斗事件，旧目标投放拦截及已投放热更处理；依赖：CHK-012、CHK-017、CHK-031；验收：计数不重不漏，取消目标不再推进，排行口径与客户端一致。 | F12: 未开始
A13: CHK-039 | B13: 数据兼容与版本隔离 | C13: 实现服务器模板隔离、数据默认、幂等、热更重算与转服兼容 | D13: P0 | E13: 覆盖：新旧服模板隔离、共享实体新增字段默认值、重复请求、热更重算、进行中状态、转服复用现有流程和跨场景数据；依赖：全部服务器主流程任务；验收：线上真实数据回归通过，旧服/KVK不受影响，转入后按目标服模板运行。 | F13: 未开始
A15: 任务统计 | B15: 全部 | C15: P0 | D15: P1 | E15: P2
A16: 服务器 | B16: =COUNTA(A5:A13) -> 9 | C16: =COUNTIF(D5:D13,"P0") -> 9 | D16: =COUNTIF(D5:D13,"P1") -> 0 | E16: =COUNTIF(D5:D13,"P2") -> 0
